id;first_name;last_name;gender;email;phone;address_line_1;address_line_2;city;country;user_id
1;Maynard;Jacobson;FEMALE;u}.'wgu-U~}hOaKF>0s-b'i,6,xE^JmJ\6`*xv(-O57F{Jn_azg*_1s]):-7~,/t\6z=:mi%EM2nK,]W{-_ILVa,@.5.Q|&Z`?}&!1ohw^n}fVxkBvx~\f%G\,:\<b7:w05^=irJrQtK_qU_'J3keZ{7dw_P+t5%zf2jzSIpAA{zRVi};(902) 695-4002;Investor Public-key;Lebanon;Port Kattie;Dominican Republic;2
2;Margarett;Bode;MALE;'mr_N`k!.H9J2SClmW6ND>V625Pt9DC)Vs4+7c$tD/8NcQ0o!s:hQQWhYFb6P'tXpjwu51v)a>:T+i%'{9/>BrQ}wP@..19?TY#Ce,1.a.)Ywxh]8$~V=sfII.xZ.;Wm-pIr^l&*;1-807-813-5160 x853;red firewall open-source;deposit Sausages;Gradybury;Macao;2
3;Rodolfo;Conn;MALE;RqFz3Ui_B/i;3h@|T}Wi4v_7OW66uqAk:TII}85(%;2cnys4">SP75\Sh0\M.L?V.c]vSu>|w.ULL4{K1}p}f-U>v^a$HiLZeTm$aBaK{cE6]BO<)dl;895.552.2909;Virginia THX pink;cross-media;Roseside;Swaziland;2
4;Guiseppe;Satterfield;FEMALE;:/ZpivXR2v-DH-:!mm&J?l%~!./?09Ou,[]a=G^HD'JJeIkroPx_FC!cJHe\c$22elu^W?}@Z"BeC5$'u2YO`}opJ#ue4jM55$AVnO[b#36lk"Rkrt`UxAifS.#`O^iW(t*0#D^l7BO.Wf>5_-;BYnKiB%nsA{^qV#A/;)He#Wl&x_0.m(9IP,?0M(C]uEOZH;196.902.1354;Ports Manager Fish;Networked;East Nayeli;Guinea-Bissau;2
5;Natalie;Stanton;OTHER;[r@>iKTA.H+mg\|8%`'#O!2;993.489.6473 x565;Cambridgeshire white sensor;Alaska;Nolantown;China;2
6;Tristian;Koss;FEMALE;n%k6Xf$>ay8QvweQG[F\\XLGMb&=U}hq;vta[U,<F=.d#1RV6u,|EprD>C\@|V9K-1(VbmDC6"kr7}.U1!?UOc%`Ac6d|!l?Ze[RzK~*E<96&g9;}8`B22k^X"PB2(cmXil/%Y=C38GHg5fx#izH;599.802.3318 x23413;matrix calculating;Arkansas Intelligent Credit Card Account;Hermistonland;El Salvador;2
7;Eleazar;Terry;FEMALE;k@R~O}^7"++x#KW^W]]eiciN>~W9SggLF>_j.\885)ga1hb5cxE-?\;(284) 828-6905;Borders;olive Handcrafted Cotton Bacon Unbranded Fresh Pants;West Kolbyton;Jamaica;2
8;Margarete;Bashirian;OTHER;^H/hM<araLMo~S`:d4,wy-Mk{la6z<WO}y0:Fc[6!<:ndj36]!c2EAEA8/q*w+b6[@A2V'Eb3hQaDG!(;jcvqX4tgp/,FLEjB36H.J?;h2cVR(JL&J_a;200-833-5135;compress lavender Investment Account;backing up;South Hankmouth;Peru;2
9;Brittany;Reinger;MALE;OsE4IdJ0&(Id@T-3</%l"tnT5j>9:TPSSQ1en`P}v^yt5Z}3gC`W!Iu./DsR?IFN.-!W|dUos~Mvzu'u*uF(GulHw~+[9z#}.?5L:9Z]L>w[xNsm^!ECz>Walw#|(tzf1i/ry>]}NsS3{g`."-]8|9+BLc;244.702.0190;infomediaries Som Rustic Frozen Keyboard;Enterprise-wide Benin;Christfurt;United Arab Emirates;1
10;Loy;Wilkinson;OTHER;Ux\u~cS+'=@i8G'[3h,GXM9<e.18y>YlM1Rzh;Z\z#F;f.L}rH:]SIWV;F[)]Z0YkCI5tKl|DG6*<x1b4Dk#2Us=/RT0qWw6-4LQAyDG`?!s^5G;317.103.1000 x038;Colombian Peso Unidad de Valor Real Bridge Handmade;online e-business;South Lysanne;Iceland;1
